{"cameraMode":{"drawMode":0,"name":"Shaded","section":"Shading Mode"},"sceneLighting":false,"audioPlay":false,"sceneViewState":{"m_AlwaysRefresh":false,"showFog":true,"showSkybox":false,"showFlares":true,"showImageEffects":true,"showParticleSystems":true,"showVisualEffectGraphs":true,"m_FxEnabled":true},"in2DMode":false,"pivot":{"x":-0.007962942123413086,"y":1.9800050258636475,"z":-1.163858413696289},"rotation":{"x":-0.35629963874816897,"y":0.1495874673128128,"z":-0.05789964273571968,"w":-0.9205068349838257},"size":1.7437076568603516,"orthographic":false}