{"cameraMode":{"drawMode":0,"name":"Shaded","section":"Shading Mode"},"sceneLighting":false,"audioPlay":false,"sceneViewState":{"m_AlwaysRefresh":false,"showFog":true,"showSkybox":false,"showFlares":true,"showImageEffects":true,"showParticleSystems":true,"showVisualEffectGraphs":true,"m_FxEnabled":true},"in2DMode":false,"pivot":{"x":0.028020381927490236,"y":2.1391708850860597,"z":0.11564755439758301},"rotation":{"x":-0.35629963874816897,"y":0.1495874673128128,"z":-0.05789964273571968,"w":-0.9205068349838257},"size":2.660367965698242,"orthographic":false}