{"cameraMode":{"drawMode":0,"name":"Shaded","section":"Shading Mode"},"sceneLighting":false,"audioPlay":false,"sceneViewState":{"m_AlwaysRefresh":false,"showFog":true,"showSkybox":false,"showFlares":true,"showImageEffects":true,"showParticleSystems":true,"showVisualEffectGraphs":true,"m_FxEnabled":true},"in2DMode":false,"pivot":{"x":-0.6621925234794617,"y":0.20216916501522065,"z":-0.453122615814209},"rotation":{"x":-0.029354773461818696,"y":0.9699265360832214,"z":-0.18885961174964906,"w":-0.1507580578327179},"size":1.302595615386963,"orthographic":false}