{"cameraMode":{"drawMode":0,"name":"Shaded","section":"Shading Mode"},"sceneLighting":false,"audioPlay":false,"sceneViewState":{"m_AlwaysRefresh":false,"showFog":true,"showSkybox":false,"showFlares":true,"showImageEffects":true,"showParticleSystems":true,"showVisualEffectGraphs":true,"m_FxEnabled":true},"in2DMode":false,"pivot":{"x":-0.6352459192276001,"y":2.3765358924865724,"z":-3.16434383392334},"rotation":{"x":-0.10091867297887802,"y":-0.004183151759207249,"z":-0.0004330220108386129,"w":0.9948928952217102},"size":1.9755146503448487,"orthographic":false}